{
  "main": {
    "id": "d349771ab5dbce81",
    "type": "split",
    "children": [
      {
        "id": "efd5eb64b8b71e07",
        "type": "tabs",
        "children": [
          {
            "id": "acd8d4e472b26f7c",
            "type": "leaf",
            "state": {
              "type": "markdown",
              "state": {
                "file": "Relazione Scuola.md",
                "mode": "source",
                "source": false
              },
              "icon": "lucide-file",
              "title": "Relazione Scuola"
            }
          }
        ]
      }
    ],
    "direction": "vertical"
  },
  "left": {
    "id": "a4e35f7d78dcc1ee",
    "type": "split",
    "children": [
      {
        "id": "c6482d22f5147af1",
        "type": "tabs",
        "children": [
          {
            "id": "26fbe251894bf053",
            "type": "leaf",
            "state": {
              "type": "file-explorer",
              "state": {
                "sortOrder": "alphabetical",
                "autoReveal": false
              },
              "icon": "lucide-folder-closed",
              "title": "Files"
            }
          },
          {
            "id": "9122bb6ba1863c46",
            "type": "leaf",
            "state": {
              "type": "search",
              "state": {
                "query": "",
                "matchingCase": false,
                "explainSearch": false,
                "collapseAll": false,
                "extraContext": false,
                "sortOrder": "alphabetical"
              },
              "icon": "lucide-search",
              "title": "Search"
            }
          },
          {
            "id": "03df06574ba56cb8",
            "type": "leaf",
            "state": {
              "type": "bookmarks",
              "state": {},
              "icon": "lucide-bookmark",
              "title": "Bookmarks"
            }
          }
        ]
      }
    ],
    "direction": "horizontal",
    "width": 300
  },
  "right": {
    "id": "1143d4735627ccd3",
    "type": "split",
    "children": [
      {
        "id": "2587b5aeb1e4a9c0",
        "type": "tabs",
        "children": [
          {
            "id": "eb403031214d083f",
            "type": "leaf",
            "state": {
              "type": "backlink",
              "state": {
                "file": "Relazione Scuola.md",
                "collapseAll": false,
                "extraContext": false,
                "sortOrder": "alphabetical",
                "showSearch": false,
                "searchQuery": "",
                "backlinkCollapsed": false,
                "unlinkedCollapsed": true
              },
              "icon": "links-coming-in",
              "title": "Backlinks for Relazione Scuola"
            }
          },
          {
            "id": "c100f604738b183f",
            "type": "leaf",
            "state": {
              "type": "outgoing-link",
              "state": {
                "file": "Relazione Scuola.md",
                "linksCollapsed": false,
                "unlinkedCollapsed": true
              },
              "icon": "links-going-out",
              "title": "Outgoing links from Relazione Scuola"
            }
          },
          {
            "id": "441b0c4e1dd1a9d5",
            "type": "leaf",
            "state": {
              "type": "tag",
              "state": {
                "sortOrder": "frequency",
                "useHierarchy": true,
                "showSearch": false,
                "searchQuery": ""
              },
              "icon": "lucide-tags",
              "title": "Tags"
            }
          },
          {
            "id": "c3aafdb4aeed01a6",
            "type": "leaf",
            "state": {
              "type": "outline",
              "state": {
                "file": "Relazione Scuola.md",
                "followCursor": false,
                "showSearch": false,
                "searchQuery": ""
              },
              "icon": "lucide-list",
              "title": "Outline of Relazione Scuola"
            }
          }
        ]
      }
    ],
    "direction": "horizontal",
    "width": 300,
    "collapsed": true
  },
  "left-ribbon": {
    "hiddenItems": {
      "switcher:Open quick switcher": false,
      "graph:Open graph view": false,
      "canvas:Create new canvas": false,
      "daily-notes:Open today's daily note": false,
      "templates:Insert template": false,
      "command-palette:Open command palette": false
    }
  },
  "active": "26fbe251894bf053",
  "lastOpenFiles": [
    "Pasted image 20250331091345.png",
    "Pasted image 20250331091329.png",
    "Pasted image 20250331090644.png",
    "Welcome.md",
    "Relazione Scuola.md"
  ]
}